{"cameraMode":{"drawMode":0,"name":"Shaded","section":"Shading Mode"},"sceneLighting":true,"audioPlay":false,"sceneViewState":{"showFog":true,"showMaterialUpdate":false,"showSkybox":true,"showFlares":true,"showImageEffects":true,"showParticleSystems":true},"in2DMode":false,"pivot":{"x":-5.974963188171387,"y":-1.1841752529144288,"z":0.6514237523078919},"rotation":{"x":0.11315205693244934,"y":0.008942557498812676,"z":-0.001018286100588739,"w":0.9935369491577148},"size":5.550264358520508,"orthographic":false}